platform,title,timestamp
测试,暂无热点数据，请检查爬虫配置,2026-07-29T00:10:58.529791
百度热搜,女生因高考成绩不理想跳河系谣言,2026-07-30T12:30:57.450372
百度热搜,董路回应青训野路子争议,2026-07-30T12:30:57.450372
百度热搜,有人致电称唐朝不存在？陕西文旅回应,2026-07-30T10:02:24.710653
百度热搜,弟弟举报哥哥冒名顶替上大学,2026-07-30T10:02:24.710699
百度热搜,河南南阳楼房被冲进河中系谣言,2026-07-30T10:02:24.710725
百度热搜,六代机会亮相珠海航展？国防部回应,2026-07-30T10:02:24.710818
百度热搜,民办高中成立仅3年就停办 教育局回应,2026-07-30T10:02:24.710877
百度热搜,中方回应日本“731”成立国家情报局,2026-07-30T10:02:24.711103
百度热搜,河南南阳楼房被冲进河中系谣言,2026-07-30T16:17:53.226805
